{"code":0,"data":{"results":[[1589644800000, 9379.44, 9881.17, 9267.76, 9818.68, 9260.324387],
  [1589731200000, 9819.57, 9948, 9480.67, 9669.47, 9283.959434],
  [1589817600000, 9668.45, 9897.27, 9480.25, 9685.49, 9317.421188],
  [1589904000000, 9685.44, 9839.2, 9336, 9410.76, 8828.926405],
  [1589990400000, 9410.76, 9596.56, 8701, 9090.53, 9428.460133],
  [1590076800000, 9090.53, 9211.76, 8820.77, 9209.01, 9299.961533],
  [1590163200000, 9209.01, 9304.88, 8701, 9198.18, 8830.604718],
  [1590249600000, 9198.23, 9297.51, 9022.2, 9056.24, 8984.472465],
  [1590336000000, 9056.19, 9080, 8649.83, 8779.56, 9461.198057],
  [1590422400000, 8781.23, 9010.99, 8666, 8666, 9058.574411],
  [1590508800000, 8722.22, 9220, 8701.03, 9147.05, 9057.694317],
  [1590595200000, 9147.05, 9510, 9057.4, 9499.23, 9038.580679],
  [1590681600000, 9498.86, 9619.83, 9346.05, 9411.33, 9050.376073],
  [1590768000000, 9411.33, 9599.89, 9331.03, 9539.03, 8882.373754],
  [1590854400000, 9539.64, 9737.99, 9404.02, 9482.56, 8544.649706],
  [1590940800000, 9482.56, 9611.99, 9400, 9545.85, 7587.968628],
  [1591027200000, 9545.71, 10292.46, 9300.97, 9469.51, 8591.551224],
  [1591113600000, 9469.51, 9643.23, 9400, 9559.03, 8479.191052],
  [1591200000000, 9559.03, 9837, 9470.69, 9832.62, 8191.665147],
  [1591286400000, 9831.42, 9875.56, 9612.03, 9711.06, 8249.217017],
  [1591372800000, 9710.79, 9751.37, 9537.91, 9649.2, 7115.854157],
  [1591459200000, 9651.05, 9721.8, 9405, 9498.16, 6442.967722],
  [1591545600000, 9498.16, 9804.05, 9457.37, 9700.01, 7132.552246],
  [1591632000000, 9700.01, 9865, 9583.4, 9718.01, 6430.129633],
  [1591718400000, 9718.01, 9829.98, 9682.75, 9758.2, 6012.373611],
  [1591804800000, 9758.2, 9980.91, 9508.56, 9524.77, 6983.780116],
  [1591891200000, 9524.77, 9565.75, 9102.17, 9418.52, 7231.824721],
  [1591977600000, 9418.52, 9486.99, 9307.16, 9438.78, 6603.740835],
  [1592064000000, 9438.78, 9490.04, 9318.39, 9419.53, 6178.361581],
  [1592150400000, 9419.68, 9430.88, 9237.9, 9267.14, 3013.872676]]}}