{"code":0,"data":{"results":[[1579190400000,8696.32,8697.73,8639.57,8655,42.447631],[1579194000000,8655,8695.51,8653.31,8684.41,38.993221],[1579197600000,8684.41,8695.46,8664.35,8692.99,33.013081],[1579201200000,8692.99,8699.32,8679.21,8699.32,32.365159]]},"msg":"success","ts":1587832091114}