{"code":0,"data":{"results":[[1579190400000,8696.32,8697.73,8639.57,8655,42.447631],[1579194000000,8655,8695.51,8653.31,8684.41,38.993221],[1579197600000,8684.41,8695.46,8664.35,8692.99,33.013081],[1579201200000,8692.99,8699.32,8679.21,8699.32,32.365159],[1579204800000,8699.32,8709.44,8694.39,8709.44,45.39812],[1579208400000,8709.44,8712.4,8679.92,8689.38,36.658354],[1579212000000,8689.38,8718.03,8688.86,8718.03,40.142313],[1579215600000,8718.03,8729.32,8718.03,8726.06,38.373559],[1579219200000,8726.06,8730.69,8676.81,8689.63,38.693189],[1579222800000,8689.63,8716.06,8678.45,8716.06,35.744812],[1579226400000,8716.06,8737.92,8716.06,8737.92,40.692992],[1579230000000,8737.92,8822.77,8737.92,8790.03,88.270088],[1579233600000,8790.03,8805.9,8767.12,8804.94,37.597862],[1579237200000,8804.94,8880.48,8794.93,8880.48,61.428397],[1579240800000,8880.48,8967.22,8861.05,8861.05,74.569706],[1579244400000,8861.11,8944.42,8855.5,8936.99,44.996342],[1579248000000,8936.99,8968.65,8919.84,8926.9,47.457615],[1579251600000,8926.9,8971.89,8925,8962.55,39.600091],[1579255200000,8962.55,8991.17,8898.69,8930.14,62.963776],[1579258800000,8930.14,8945.51,8902.23,8902.34,32.856288],[1579262400000,8902.34,8914.49,8823.24,8834.24,54.933135],[1579266000000,8834.24,8856.26,8826.91,8846.96,31.758244],[1579269600000,8846.96,8848.18,8787.21,8789.7,50.480465],[1579273200000,8789.7,8854.81,8787.48,8853.09,40.261094],[1579276800000,8853.09,8906.04,8846.75,8888.88,47.933379],[1579280400000,8888.88,8910.31,8876.49,8889.11,32.91067],[1579284000000,8889.11,8939.94,8888.07,8918.73,37.105775],[1579287600000,8919.25,8945.29,8838.56,8869.07,54.485632],[1579291200000,8869.07,8917.37,8863.1,8885.45,41.766697],[1579294800000,8885.45,8921.56,8884.98,8921.15,32.087959],[1579298400000,8921.15,8950.33,8905.82,8941.74,36.831434],[1579302000000,8942.06,8957.71,8911.14,8915.46,35.860606],[1579305600000,8915.46,8978.63,8891.85,8978.63,44.509184],[1579309200000,8978.63,8979.6,8919.83,8935.81,42.144445],[1579312800000,8935.81,8939.28,8907.45,8920.63,31.36631],[1579316400000,8920.63,8944.1,8904.92,8925.4,41.547454],[1579320000000,8925.4,8926.08,8838.39,8847.3,41.352934],[1579323600000,8847.3,8863.58,8826.63,8845.91,33.240847],[1579327200000,8846.13,8866.88,8819.21,8858.63,36.928614],[1579330800000,8858.63,8870.86,8849.78,8849.78,31.503109],[1579334400000,8849.78,8862.09,8827.58,8856.72,31.582466],[1579338000000,8856.72,8893.5,8852.21,8881.4,32.000586],[1579341600000,8881.4,8899.64,8873.18,8885.18,31.465453],[1579345200000,8885.18,8886.61,8859.98,8872.47,31.059177],[1579348800000,8872.47,8911.9,8872.47,8911.47,37.501174],[1579352400000,8911.47,8939.64,8897.7,8920.21,37.386757],[1579356000000,8920.23,8955.41,8920.23,8923,37.167968],[1579359600000,8923,8949.64,8883.38,8896.63,50.116826],[1579363200000,8896.63,8926.59,8863.12,8888.1,45.715428],[1579366800000,8888.1,8909.53,8879.65,8905.74,35.751134],[1579370400000,8904.81,8907.38,8882.72,8884.29,33.183688],[1579374000000,8883.96,8912.64,8879.18,8905.81,30.412863],[1579377600000,8905.81,8916.56,8896.69,8904.53,32.433041],[1579381200000,8904.53,8922.88,8902.65,8920.64,31.658438],[1579384800000,8921.03,8951.51,8920.48,8951.51,32.070329],[1579388400000,8951.51,8953.2,8921.64,8921.64,32.653944],[1579392000000,8921.64,8964.53,8896.03,8964.53,45.417899],[1579395600000,8964.53,9147.07,8964.53,9133.33,98.29],[1579399200000,9133.33,9166.82,9132.99,9158.56,38.899623],[1579402800000,9158.56,9187.21,9149.47,9153.68,38.31302],[1579406400000,9153.68,9160.95,9133.36,9148.56,37.804164],[1579410000000,9148.84,9150,9113.1,9129.71,33.054784],[1579413600000,9129.71,9144.97,9072.62,9075.09,39.912453],[1579417200000,9075.09,9084.46,9063.83,9082.75,32.958779],[1579420800000,9082.75,9105.99,9073.33,9098.81,35.079922],[1579424400000,9098.81,9115.89,9067.41,9067.41,40.185217],[1579428000000,9067.41,9075.59,9043.67,9043.67,32.339896],[1579431600000,9043.67,9043.67,8591.51,8668.2,145.686111],[1579435200000,8668.2,8668.74,8593.34,8621.78,55.485575],[1579438800000,8621.78,8629.81,8581.01,8629.3,42.247926],[1579442400000,8629.3,8647.48,8612.23,8619.19,32.432911],[1579446000000,8619.19,8640.35,8608.18,8635.01,34.427276],[1579449600000,8635.01,8663.67,8626.55,8643.36,40.245904],[1579453200000,8644.25,8661.61,8632.44,8657.64,35.774011],[1579456800000,8657.64,8658.01,8634.6,8647.42,33.968471],[1579460400000,8647.42,8655.27,8633.44,8647.63,32.081326],[1579464000000,8647.63,8653.55,8637.43,8646.73,32.348558],[1579467600000,8646.73,8753.26,8644.28,8722.85,51.585736],[1579471200000,8722.85,8740.88,8558.99,8642.16,108.899411],[1579474800000,8643.77,8710.52,8641.42,8703.42,45.124899],[1579478400000,8704.37,8726.59,8674.65,8674.65,40.306755],[1579482000000,8674.65,8688.05,8646.23,8646.23,37.095775],[1579485600000,8649.64,8669.63,8646.98,8653,32.307289]]},"msg":"success","ts":1587832091114}